<?xml version="1.0" encoding="UTF-8"?>
<Media databaseStamp="1656679792" displayResume="true" hash="5a856256c76b2469d542a859a4c0e83e9f2c50b8885a15edaf81fc994c22aa95" insReleaseId="6-424" instMode="standalone" localOSFileTree="false" maxInstPathLen="70" maxPathLength="170" name="CODE\win_b64\ENOVIA_RMC.media\media" rootFeature="CODE\win_b64\ENOVIA_RMC.media" type="CODE" volumes="1">
	<ProductInfos VersionShortName="V6R2022x" companyName="Dassault Systemes" copyrightString="&#xa9; 2021 Dassault Syst&#xe8;mes. All rights reserved." description=" " gaLevel="B424" marketingLongVersion="3DEXPERIENCE R2022x" marketingVersion="V6R2022x" osds="win_b64" pkgId="0x62beed1c" pkgIdString="20220701T124828Z" productLine="ENOVIA" rootLevel="424" shortReleaseName="R2022x" shortcutName="3DEXPERIENCE R2022x (local build)" spLevel="424" versionLongName="3DEXPERIENCE R2022x (local build)" />
	<Steps>
		<Step>DSYWelcomePanel</Step>
		<Any />
		<Step>DSYRegIdent</Step>
		<Any />
		<Step>SelectProduct</Step>
		<Step>SelectExtraProduct</Step>
		<Any />
		<Step>_Resume</Step>
	</Steps>
</Media>
